Model                    ,Metric     ,Chunking                          ,Prompt Extension ,Top K ,Prompt                                    ,Response
snowflake-arctic-embed-m ,cosine     ,character text splitter           ,True             ,    5 ,what should I do for this assignment?     ,"For this assignment, you will need to visualize the attention learned by a model and analyze its success and failure modes. You can load a pre-trained model and use it to translate words, which will display heatmaps to illustrate how attention is utilized at each step. You should experiment with different inputs, including words that aren't in the dictionary, to observe the model's behavior. By examining the generated attention maps, you can identify failure cases and develop hypotheses about the reasons for those failures. Specifically, you are encouraged to explore words that begin with the letter ""a"" and investigate the model's performance with those inputs."
snowflake-arctic-embed-m ,cosine     ,character text splitter           ,True             ,    5 ,How transformer works in this assignment? ,"The transformer in this assignment appears to be a simplified version of the Transformer architecture, a popular model for natural language processing tasks such as machine translation. Here's how it works based on the provided context:
                                                                                                                                             
                                                                                                                                             1. The transformer takes a batch of decoder input embeddings, `x_dec`, and a batch of encoder hidden states, `h_enc`, as input. These inputs have specific dimensions: `x_dec` has a dimension of `batch size x decoder seq len x hidden size`, and `h_enc` has a dimension of `batch size x encoder seq len x hidden size`.
                                                                                                                                             
                                                                                                                                             2. The transformer uses layers of attention modules to solve the translation problem. In each layer, it performs the following steps:
                                                                                                                                             a. It applies causal self-attention to the decoder inputs using the `causal_scaled_dot_attention` module. This allows the model to attend to past and current inputs but not future inputs, ensuring that the prediction only relies on available information.
                                                                                                                                             
                                                                                                                                             b. After the self-attention step, the transformer applies the `scaled_dot_attention` module between the decoder inputs and the encoder hidden states. This allows the model to weigh the importance of different encoder inputs when generating the output.
                                                                                                                                             
                                                                                                                                             3. The outputs of the attention layers are then fed into a hidden layer using ReLU activation for non-linear transformations.
                                                                                                                                             
                                                                                                                                             4. To improve optimization, residual connections are added between the attention layers and ReLU layers. This helps in mitigating the vanishing gradient problem and facilitates better information flow during training.
                                                                                                                                             
                                                                                                                                             5. Finally, the output of the last transformer layer is passed through a linear layer (`self.out`) to compute the word prediction.
                                                                                                                                             
                                                                                                                                             Overall, the transformer in this assignment seems to follow a simplified version of the standard Transformer architecture, utilizing self-attention and attention between the encoder and decoder inputs to generate predictions."
snowflake-arctic-embed-m ,cosine     ,character text splitter           ,True             ,   10 ,what should I do for this assignment?     ,"For this assignment, you will need to visualize the attention learned by your model and try to find interesting success and failure modes that illustrate its behavior. You can load the model you previously trained by setting train_model to false and use it to translate a given set of words. The code will print the translations and display heatmaps to show how attention is used at each step.
                                                                                                                                             
                                                                                                                                             You are encouraged to visualize different attention models using your own words by modifying the test_word_attn variable. Since the model operates at the character level, the input doesn't need to be a real word in the dictionary, so you can be creative.
                                                                                                                                             
                                                                                                                                             You should examine the generated attention maps and try to find failure cases. Hypothesize about why these failures occur. Some interesting classes of words to try are those that begin with the same letter or have similar structures."
snowflake-arctic-embed-m ,cosine     ,character text splitter           ,True             ,   10 ,How transformer works in this assignment? ,"The transformer model in this assignment appears to be a simplified version of the original transformer architecture, which is a neural network model introduced by Vaswani et al. in 2017 for machine translation tasks. The transformer model has become a popular choice for various natural language processing (NLP) tasks due to its ability to handle sequential data and capture long-range dependencies.
                                                                                                                                             
                                                                                                                                             In this assignment, the transformer is used to solve a translation problem using layers of attention modules. Here's how the transformer works in this context:
                                                                                                                                             1. Input: The transformer takes two main inputs—a batch of decoder input embeddings (**`x_dec`**) and a batch of encoder hidden states (**`h_enc`**).
                                                                                                                                             - **`x_dec`**: This represents the decoder input embeddings across all time steps, with dimensions of [batch size, decoder sequence length, hidden size].
                                                                                                                                             - **`h_enc`**: This represents the encoder hidden states for each time step in the input sequence, with dimensions of [batch size, encoder sequence length, hidden size].
                                                                                                                                             2. Encoder: The encoder annotations are processed using the Scaled Dot Attention module (**`ScaledDotAttention`**). This attention mechanism allows the model to focus on different parts of the input sequence when generating the output. The output of the attention layers is then fed into a hidden layer using ReLU activation.
                                                                                                                                             3. Decoder: The decoder uses a simplified transformer decoder architecture. In each layer of the decoder:
                                                                                                                                             - Self-Attention: The decoder inputs are first processed using causal self-attention (**`CausalScaledDotAttention`**). This type of attention allows the model to attend to past and current inputs but not future inputs, ensuring that the model can only use information available at each time step when generating the output.
                                                                                                                                             - Encoder-Decoder Attention: After self-attention, the decoder attends to the encoder hidden states using the Scaled Dot Attention module (**`ScaledDotAttention`**). This allows the decoder to align the decoder inputs with the relevant parts of the input sequence.
                                                                                                                                             4. Output: The final output of the last transformer layer is passed through a linear layer (**`self.out`**) to compute the word prediction. Residual connections are added between the attention layers and ReLU layers to improve optimization.
                                                                                                                                             5. Training: The model is trained to minimize the difference between the predicted output and the target output using a suitable loss function. The training time is approximately 2 minutes on an AMD Ryzen 7 5800U processor, but may vary depending on the hardware used. The model can also be trained on a CUDA-compatible GPU for faster training.
                                                                                                                                             
                                                                                                                                             Overall, the transformer in this assignment follows a typical encoder-decoder architecture with self-attention and encoder-decoder attention mechanisms. The transformer's ability to capture long-range dependencies and process input sequences in parallel makes it well-suited for machine translation and other sequence-to-sequence tasks."
snowflake-arctic-embed-m ,cosine     ,character text splitter           ,False            ,    5 ,what should I do for this assignment?     ,"For this assignment, you are tasked with submitting two files: a write-up in PDF format and an NMT.py file. The write-up should be submitted as a graduating student or a non-graduating student, depending on your status, to ensure your assignment is graded on time for graduation.
                                                                                                                                             
                                                                                                                                             In the assignment, you will work with an encoder-decoder model for sequence-to-sequence translation, specifically translating English to Pig Latin. You will implement scaled dot-product attention, a function that measures the similarity between two hidden states, and visualize the attention learned by your model.
                                                                                                                                             
                                                                                                                                             You will also analyze and interpret the attention maps generated by your model, identifying both successful and failed cases. This involves modifying the 'test_word_attn' to visualize different attention models and examining the attention weights to understand where the model focuses its attention during each decoder step.
                                                                                                                                             
                                                                                                                                             Additionally, you are encouraged to experiment with different input words, especially those that begin with a vowel, to observe the model's behavior and gain insights into its inner workings."
snowflake-arctic-embed-m ,cosine     ,character text splitter           ,False            ,    5 ,How transformer works in this assignment? ,"The transformer is a neural network architecture designed to handle sequence-to-sequence problems, such as translation tasks. In this assignment, the transformer is used to solve the English-to-Pig Latin translation problem.
                                                                                                                                             
                                                                                                                                             The transformer takes a batch of decoder input embeddings and a batch of encoder hidden states as input. It then applies a layer of causal self-attention to the decoder inputs, followed by a layer of attention to the encoder annotations. The output of these attention layers is fed through a ReLU activation function and residual connections for improved optimization.
                                                                                                                                             
                                                                                                                                             The final output of the last transformer layer is passed through a linear layer to compute the word prediction. The transformer's architecture allows it to pay attention to different parts of the input sequence and capture dependencies between input and output tokens, making it effective for sequence-to-sequence tasks."
snowflake-arctic-embed-m ,cosine     ,character text splitter           ,False            ,   10 ,what should I do for this assignment?     ,"For this assignment, you are tasked with implementing and analyzing a sequence-to-sequence model for a language translation task, specifically translating English to Pig Latin. Here are the key steps you should follow:
                                                                                                                                             
                                                                                                                                             1. Implement the encoder-decoder model:
                                                                                                                                             - The encoder takes an English word as input and produces hidden states or annotations for each input token.
                                                                                                                                             - The decoder uses attention mechanisms to weigh the importance of each encoder hidden state when generating the output translation.
                                                                                                                                             2. Utilize the provided data:
                                                                                                                                             - The data consists of pairs of words, where each pair contains an English word and its translation in Pig Latin.
                                                                                                                                             - The vocabulary includes 29 tokens: the 26 standard alphabet letters (all lowercase), the dash symbol, and two special tokens (SOS and EOS) to denote the start and end of a sequence.
                                                                                                                                             - Minibatches are created by grouping word pairs based on the lengths of the source and target words, ensuring that within each minibatch, the source and target words are of the same length.
                                                                                                                                             3. Implement specific attention mechanisms:
                                                                                                                                             - Scaled dot-product attention: Fill in the `forward` method of the `ScaledDotAttention` class to calculate the dot product between batched queries and keys, and then apply softmax to obtain normalized attention weights.
                                                                                                                                             - Causal scaled dot-product attention: Build upon the `ScaledDotAttention` class and add a mechanism to mask out attention to future time steps in the `CausalScaledDotAttention` class.
                                                                                                                                             4. Train and evaluate the model:
                                                                                                                                             - You can choose to train the model on a CPU or a CUDA-compatible GPU by setting the `cuda` parameter accordingly.
                                                                                                                                             - Visualize the attention weights generated by your model to gain insight into how it focuses on different input tokens when producing the output translation.
                                                                                                                                             - Analyze success and failure cases by examining the generated attention maps and hypothesizing about why certain failures occur.
                                                                                                                                             5. Submission:
                                                                                                                                             - Submit two files: your write-up in PDF format and the `nmt.py` file containing your code implementation.
                                                                                                                                             - Choose the appropriate submission box on the course website (either ""Graduating this semester"" or ""Not Graduating this semester"") to ensure your assignment is graded on time.
                                                                                                                                             
                                                                                                                                             Overall, this assignment involves implementing a sequence-to-sequence model with attention mechanisms for language translation, training and evaluating the model, visualizing attention weights, and analyzing the model's behavior through success and failure cases."
snowflake-arctic-embed-m ,cosine     ,character text splitter           ,False            ,   10 ,How transformer works in this assignment? ,"The transformer is a simplified architecture used to solve the translation problem in this assignment. It utilizes layers of attention modules, specifically the causal-scaled dot attention self-attention mechanism, to process the decoder input embeddings and encoder hidden states.
                                                                                                                                             
                                                                                                                                             Here's a step-by-step breakdown of how the transformer works:
                                                                                                                                             1. **Input**: The transformer takes as input a batch of decoder input embeddings, `x_dec`, of dimension (batch size, decoder seq len, hidden size), and a batch of encoder hidden states, `h_enc`, of dimension (batch size, encoder seq len, hidden size).
                                                                                                                                             2. **Causal-Scaled Dot Attention**: In each layer of the transformer, the causal-scaled dot attention is applied to the decoder inputs. This allows the model to attend to all time steps up to the current one, ensuring that the prediction for the current time step is only dependent on the previous time steps.
                                                                                                                                             3. **Scaled Dot Attention**: After applying self-attention to the decoder inputs, the scaled dot-attention module is used to attend to the encoder annotations. This allows the model to focus on relevant input tokens when producing the corresponding output tokens.
                                                                                                                                             4. **Residual Connections**: Residual connections are added between the attention layers and ReLU layers. This helps improve optimization by adding the outputs of two different layers together.
                                                                                                                                             5. **Output**: The output of the final transformer layer is passed through a fully connected layer to compute the word prediction.
                                                                                                                                             
                                                                                                                                             By visualizing the attention weights generated for each decoder step, we can gain insights into how the transformer focuses on different input tokens to produce the output. This attention mechanism is a key component of the transformer's ability to handle sequence-to-sequence translation tasks effectively."
snowflake-arctic-embed-m ,cosine     ,recursive character text splitter ,True             ,    5 ,what should I do for this assignment?     ,"For this assignment, you will need to visualize the attention learned by a model and analyze its success and failure modes. You can load the model you previously trained and use it to translate a given set of words. The model will print the translations and display heatmaps to show how attention is utilized at each step.
                                                                                                                                             
                                                                                                                                             You are encouraged to experiment with different attention models and input words to observe how the model behaves. As the model operates at the character level, you can input any sequence of characters, even if they don't form a real word. By examining the generated attention maps, you should identify failure cases and try to understand why they occur.
                                                                                                                                             
                                                                                                                                             Some suggested classes of words to try include:
                                                                                                                                             - Words that begin with a single consonant (e.g., ""cake"")
                                                                                                                                             - Words that start with two or more consonants (e.g., ""drink"")
                                                                                                                                             - Words with unusual or rare letter combinations (e.g., ""aardvark"")
                                                                                                                                             - Compound words with a dash (e.g., ""well-mannered""). These are particularly interesting because they are the hardest class of words in the training data due to their length and the rules of Pig Latin translation.
                                                                                                                                             
                                                                                                                                             You can also make up words or create toy examples to showcase specific behaviors and test the limits of the model."
snowflake-arctic-embed-m ,cosine     ,recursive character text splitter ,True             ,    5 ,How transformer works in this assignment? ,"In this assignment, the transformer model is utilized for a language modeling task, where it predicts the next word in a sequence given some input text. The transformer architecture is composed of multiple layers, including attention layers and hidden layers with ReLU activation. Here's how it works:
                                                                                                                                             
                                                                                                                                             **Input**: The input to the transformer is a sequence of tokens, which could be words or subword units, depending on the tokenization method used.
                                                                                                                                             
                                                                                                                                             **Embedding Layer**: The input tokens are passed through an embedding layer, which converts the discrete tokens into dense vectors of fixed dimensionality.
                                                                                                                                             
                                                                                                                                             **Encoder**: The encoder in the transformer consists of multiple layers, each containing a self-attention mechanism and feed-forward neural network layers. The self-attention layers allow the model to focus on different positions of the input sequence and capture global dependencies between tokens. The output of the encoder is a contextualized representation of the input sequence, where each token is represented in relation to all other tokens.
                                                                                                                                             
                                                                                                                                             **Decoder**: The decoder also consists of multiple layers, and it generates the output sequence one token at a time. It uses masked self-attention, which allows it to attend to only the previous tokens in the output sequence and the input sequence. The decoder also incorporates encoder outputs to generate contextually appropriate output tokens.
                                                                                                                                             
                                                                                                                                             **Output**: The final output of the transformer is obtained from the last layer of the decoder. It is passed through a linear layer with softmax activation to obtain a probability distribution over the vocabulary, predicting the likelihood of each word being the next word in the sequence.
                                                                                                                                             
                                                                                                                                             **Training**: The transformer is trained using a supervised learning approach, where the model learns to predict the next word given the input sequence. The training objective is typically a cross-entropy loss between the predicted and true next words. Backpropagation is used to update the model's parameters.
                                                                                                                                             
                                                                                                                                             **Optimization**: To improve optimization, residual connections are added between the attention layers and ReLU layers. This helps in mitigating the vanishing gradient problem and facilitates better information flow throughout the network.
                                                                                                                                             
                                                                                                                                             **Inference**: During inference, the trained transformer model can be used to generate text by providing a starting input sequence and iteratively feeding the model's predictions back as input to generate the next word.
                                                                                                                                             
                                                                                                                                             Overall, the transformer's ability to process input sequences in parallel and capture long-range dependencies makes it highly effective for language modeling tasks, enabling it to generate coherent and contextually appropriate text."
snowflake-arctic-embed-m ,cosine     ,recursive character text splitter ,True             ,   10 ,what should I do for this assignment?     ,"For this assignment, you will need to visualize the attention learned by a trained model and analyze its behavior by finding interesting success and failure modes. You can load the model you previously trained by setting ""train_model"" to false and then use it to translate a given set of words. The model will print the translations and display heatmaps to show how attention is used at each step.
                                                                                                                                             
                                                                                                                                             You are encouraged to visualize different attention models by modifying the ""test_word_attn"" and examining the generated attention maps. Since the model operates at the character level, you have the freedom to input any sequence of characters, even if they don't form a real word. Your task is to find failure cases and hypothesize about the reasons behind them."
snowflake-arctic-embed-m ,cosine     ,recursive character text splitter ,True             ,   10 ,How transformer works in this assignment? ,"The transformer is a simplified version of the original Transformer model, a neural network architecture primarily used for sequence-to-sequence tasks such as language translation and text generation. In this assignment, the transformer decoder is used to solve a translation problem using layers of attention modules.
                                                                                                                                             
                                                                                                                                             Here's a high-level overview of how the transformer works in this context:
                                                                                                                                             1. Input: The transformer takes as input a batch of decoder input embeddings, `x_dec`, across all time steps, and a batch of encoder hidden states, `h_enc`, for each time step in the input sequence. The dimensions of these inputs are specified as `batch_size x decoder_seq_len x hidden_size` and `batch_size x encoder_seq_len x hidden_size`, respectively.
                                                                                                                                             2. Attention Modules: In each layer of the transformer, two types of attention modules are applied:
                                                                                                                                             - Causal Scaled Dot Attention: This is a self-attention mechanism applied to the decoder inputs. It helps the model focus on relevant parts of the input sequence while maintaining the auto-regressive property, meaning it can only attend to previous time steps.
                                                                                                                                             - Scaled Dot Attention: This attention module is applied to the encoder annotations or hidden states. It allows the decoder to attend to all time steps in the input sequence and capture global dependencies.
                                                                                                                                             3. Residual Connections: To improve optimization and facilitate gradient flow, residual connections are added between the attention layers and the ReLU layers that follow. This means that the outputs of two different layers are added together before being passed to the next layer.
                                                                                                                                             4. Hidden Layer and Output: The outputs of the attention layers are fed into a hidden layer using ReLU activation. Finally, the output of the last transformer layer is passed to `self.out` to compute the word prediction for the translation task.
                                                                                                                                             5. Training: The model is trained to minimize the difference between the predicted output and the target output for the translation task. In this assignment, it took about 2 minutes to train the model using an AMD Ryzen 7 5800U processor. The training time may vary depending on the computer's hardware, and it can be accelerated by using a CUDA-compatible GPU.
                                                                                                                                             
                                                                                                                                             Overall, the transformer's ability to process input sequences in parallel and capture long-range dependencies through attention mechanisms makes it well-suited for tasks like machine translation, where understanding the context and relationships between words is crucial."
snowflake-arctic-embed-m ,cosine     ,recursive character text splitter ,False            ,    5 ,what should I do for this assignment?     ,"For this assignment, you are tasked with implementing an encoder-decoder model for sequence-to-sequence translation. Specifically, you will be working with character-level translation, where both the input and output are sequences of characters.
                                                                                                                                             
                                                                                                                                             Here are the key steps you should follow:
                                                                                                                                             1. Implement the encoder-decoder model: The encoder takes the input sequence and produces a set of hidden states, which can be thought of as annotations of the input. Each hidden state captures information about the corresponding input token and some contextual information.
                                                                                                                                             2. Use scaled dot-product attention: At each time step, the decoder computes an attention weight for each of the encoder hidden states. These attention weights indicate the relevance of each encoder hidden state in determining the current output token. In this assignment, you will use scaled dot-product attention, which measures the similarity between the decoder and encoder hidden states.
                                                                                                                                             3. Visualize attention and analyze success/failure cases: Load the model you trained and use it to translate a given set of words. Visualize the attention maps generated by the model and try to find interesting success and failure modes. Examine the attention maps, identify failure cases, and come up with hypotheses about why they occur.
                                                                                                                                             4. Prepare a write-up: Write a short report that includes attention maps for both success and failure cases, along with your hypotheses about the model's behavior.
                                                                                                                                             
                                                                                                                                             Submission instructions: Submit two files – your write-up in PDF format and the NMT.py file. You don't need to include any data. There are separate submission boxes for students graduating this semester and those who are not, but the assignment is the same for both. Ensure you submit to the correct box so that your assignment can be graded in time for graduation, if applicable."
snowflake-arctic-embed-m ,cosine     ,recursive character text splitter ,False            ,    5 ,How transformer works in this assignment? ,"The transformer in this assignment is a simplified version of the original transformer model, which is a popular architecture for sequence-to-sequence problems, such as translation. The transformer decoder uses a batch of decoder input embeddings and a batch of encoder hidden states as input. It applies causal scaled dot attention to the decoder inputs, followed by scaled dot attention to the encoder annotations. The output of the attention layers is then fed into a hidden layer using a ReLU activation function. The final output of the last transformer layer is used to compute the word prediction. Residual connections are added between the attention layers and ReLU layers to improve optimization."
snowflake-arctic-embed-m ,cosine     ,recursive character text splitter ,False            ,   10 ,what should I do for this assignment?     ,"For this assignment, you are tasked with implementing and analyzing a simplified transformer decoder for a sequence-to-sequence translation task, specifically translating English words to Pig Latin. Here's a breakdown of the steps you should follow:
                                                                                                                                             
                                                                                                                                             1. Implement the scaled dot-product attention mechanism:
                                                                                                                                             - Complete the `forward` method of the `ScaledDotAttention` class to calculate the attention weights and context matrix using the query, key, and value representations.
                                                                                                                                             
                                                                                                                                             2. Implement the transformer decoder:
                                                                                                                                             - Utilize the `CausalScaledDotAttention` and `ScaledDotAttention` modules to build a simplified transformer decoder.
                                                                                                                                             - Fill in the `forward` method of the `TransformerDecoder` class to apply self-attention to the decoder inputs and attention to the encoder annotations.
                                                                                                                                             
                                                                                                                                             3. Train the model:
                                                                                                                                             - You can choose to train the model on a CPU or a CUDA-compatible GPU by setting the `cuda` argument accordingly.
                                                                                                                                             - The provided code includes data processing and model training routines. Ensure you understand how the data is preprocessed and how the model is trained.
                                                                                                                                             
                                                                                                                                             4. Visualize attention and analyze success/failure cases:
                                                                                                                                             - Load the trained model and use it to translate a given set of words.
                                                                                                                                             - Examine the generated attention maps and try to find interesting success and failure cases.
                                                                                                                                             - Modify the `test_word_attn` function to visualize different attention models using your own words or made-up examples.
                                                                                                                                             - Hypothesize about why failure cases occur and include these observations in your write-up.
                                                                                                                                             
                                                                                                                                             5. Prepare a write-up:
                                                                                                                                             - Include attention maps for both success and failure cases in your write-up.
                                                                                                                                             - Discuss your hypotheses about why the model succeeds or fails in certain cases.
                                                                                                                                             - Provide any additional insights or observations you have about the behavior of the model.
                                                                                                                                             
                                                                                                                                             Remember to submit your write-up in PDF format along with the `nmt.py` file containing your implementations. Also, ensure you submit your assignment using the appropriate submission box (""graduating this semester"" or ""not graduating this semester"") on the course platform."
snowflake-arctic-embed-m ,cosine     ,recursive character text splitter ,False            ,   10 ,How transformer works in this assignment? ,"In this assignment, the transformer is used as a simplified decoder to translate English sentences into Pig Latin. The transformer decoder takes a batch of decoder input embeddings, x_dec, and a batch of encoder hidden states, h_enc, as input. It applies causal self-attention to the decoder inputs and then uses scaled dot-product attention to weigh the relevance of each encoder hidden state in determining the current output token. The output of the attention layers is then passed through a ReLU activation function before being fed into the final output layer for word prediction. Residual connections are added between the attention and ReLU layers to improve optimization."
snowflake-arctic-embed-m ,dotproduct ,character text splitter           ,True             ,    5 ,what should I do for this assignment?     ,"For this assignment, you will need to visualize the attention learned by a model and analyze its success and failure modes. You can load a pre-trained model and use it to translate words, which will display heatmaps to illustrate how attention is utilized at each step. You should experiment with different inputs, including words that aren't in the dictionary, to observe the model's behavior. By examining the generated attention maps, you can identify failure cases and develop hypotheses about the reasons for those failures. Specifically, you are encouraged to explore words that begin with a certain letter or belong to specific categories to gain insights into the model's attention mechanisms."
snowflake-arctic-embed-m ,dotproduct ,character text splitter           ,True             ,    5 ,How transformer works in this assignment? ,"The transformer in this assignment appears to be a simplified version of the Transformer model, a neural network architecture commonly used for natural language processing tasks, such as machine translation. Here's how it works based on the provided context:
                                                                                                                                             
                                                                                                                                             1. Input: The transformer takes a batch of decoder input embeddings, `x_dec`, and a batch of encoder hidden states, `h_enc`. These inputs represent a sequence of tokens or embeddings from the input and encoder layers of the model.
                                                                                                                                             2. Attention Modules: The transformer uses layers of attention modules to process the inputs. Specifically, it applies two types of attention mechanisms:
                                                                                                                                             - Causal Scaled Dot Attention (Self-Attention): This type of attention is applied to the decoder inputs. It allows each token in the decoder to attend to all previous tokens in the same sequence, capturing the dependencies and context within the input sequence.
                                                                                                                                             - Scaled Dot Attention: This attention mechanism is used to attend to the encoder hidden states. It enables the decoder to focus on relevant parts of the input sequence when generating the output.
                                                                                                                                             3. Layer Structure: In each layer of the transformer, the causal self-attention is applied first to the decoder inputs, followed by the scaled dot attention on the encoder hidden states. This allows the model to incorporate both self-attention and cross-attention mechanisms.
                                                                                                                                             4. Residual Connections: To improve optimization and facilitate gradient flow during training, residual connections are added between the attention layers and the ReLU activation layers. This means that the outputs of two consecutive layers are added together before being passed to the next layer.
                                                                                                                                             5. Output: The final output of the last transformer layer is passed through a linear layer (`self.out`) to compute the word prediction. This prediction could be the probability distribution over the vocabulary for the next word in machine translation tasks.
                                                                                                                                             
                                                                                                                                             Overall, the transformer in this assignment seems to follow a simplified version of the standard Transformer architecture, utilizing self-attention and cross-attention mechanisms to process input sequences and generate predictions."
snowflake-arctic-embed-m ,dotproduct ,character text splitter           ,True             ,   10 ,what should I do for this assignment?     ,"For this assignment, you will need to visualize the attention learned by your model and identify interesting success and failure modes that illustrate its behavior. You can load the model you previously trained by setting train_model to false and use it to translate a given set of words. The code will print the translations and display heatmaps to show how attention is used at each step.
                                                                                                                                             
                                                                                                                                             You are encouraged to visualize different attention models using your own words by modifying the test_word_attn variable. Since the model operates at the character level, the input doesn't need to be a real word in the dictionary, allowing for creativity in your choices.
                                                                                                                                             
                                                                                                                                             Examine the generated attention maps and try to find failure cases. Hypothesize about why these failures occur. Some interesting classes of words to try are those that begin with the same letter or have similar structures."
snowflake-arctic-embed-m ,dotproduct ,character text splitter           ,True             ,   10 ,How transformer works in this assignment? ,"The transformer model in this assignment appears to be a simplified version of the original transformer architecture, which is a neural network model introduced by Vaswani et al. in 2017 for machine translation tasks. The transformer model has become a popular choice for various natural language processing (NLP) tasks due to its ability to handle sequential data and capture long-range dependencies.
                                                                                                                                             
                                                                                                                                             In this assignment, the transformer is used to solve a translation problem using layers of attention modules. Here's how the transformer works in this context:
                                                                                                                                             1. Input Embeddings: The transformer takes as input a batch of decoder input embeddings (**`x_dec`**) and a batch of encoder hidden states (**`h_enc`**). The decoder input embeddings represent the input sequence that needs to be translated, and the encoder hidden states are the encoded representations of the input sequence.
                                                                                                                                             2. Decoder Layers: The transformer decoder consists of layers of attention modules. In each layer, two types of attention mechanisms are used:
                                                                                                                                             - Causal Scaled Dot-Product Attention (**`causal_scaled_dot_attention`**): This is a self-attention mechanism applied to the decoder inputs. It allows each word in the decoder to attend to all previous words in the input sequence, ensuring that the model can only access information from the past. This type of attention helps in maintaining the auto-regressive property required for language generation tasks.
                                                                                                                                             - Scaled Dot-Product Attention (**`scaled_dot_attention`**): This attention mechanism is applied between the decoder and the encoder hidden states. It allows the decoder to attend to all positions in the input sequence and capture global dependencies.
                                                                                                                                             3. Attention Mechanism: In each decoder layer, the attention mechanisms are applied as follows:
                                                                                                                                             - The causal scaled dot-product attention is first applied to the decoder inputs (**`x_dec`**) to compute self-attention scores. This helps the model focus on relevant words in the input sequence for generating the translation.
                                                                                                                                             - The scaled dot-product attention is then applied between the output of the self-attention step and the encoder hidden states (**`h_enc`**). This allows the decoder to align the input sequence with the corresponding words in the target language.
                                                                                                                                             4. Residual Connections and Feedforward Layers: After the attention layers, residual connections are added to facilitate information flow and improve optimization. The outputs of the attention layers and residual connections are then passed through a feedforward neural network with ReLU activation to generate the final output of the transformer decoder.
                                                                                                                                             5. Output: The final output of the transformer decoder is passed through a linear layer (**`self.out`**) to compute the word predictions for the translation task.
                                                                                                                                             
                                                                                                                                             By using multiple layers of attention mechanisms and residual connections, the transformer model can effectively capture long-range dependencies and generate translations that are contextually relevant and coherent. The specific implementation details of the forward method in the **`TransformerDecoder`** class would involve instantiating these attention modules and applying them in the correct order to the input embeddings and hidden states."
snowflake-arctic-embed-m ,dotproduct ,character text splitter           ,False            ,    5 ,what should I do for this assignment?     ,"For this assignment, you are tasked with submitting two files: a write-up in PDF format and an NMT.py file. The write-up should be submitted as a graduating student or a non-graduating student, depending on your status, to ensure that your assignment is graded on time for graduation.
                                                                                                                                             
                                                                                                                                             In the NMT.py file, you will be implementing a sequence-to-sequence model for translation, specifically English to Pig Latin. This is a character-level translation task, so the input and output are sequences of characters. You will use an encoder-decoder model architecture with attention mechanisms to tackle this problem.
                                                                                                                                             
                                                                                                                                             You will also visualize the attention learned by your model and analyze its behavior, including success and failure modes. You can modify the 'test_word_attn' function to visualize different attention models and examine the generated attention maps for interesting patterns and failure cases.
                                                                                                                                             
                                                                                                                                             Additionally, you are provided with instructions on how to load the model you trained earlier and use it for translation. You are encouraged to experiment with different input words, especially those that begin with a certain letter or those that belong to interesting classes, to observe the model's behavior.
                                                                                                                                             
                                                                                                                                             Finally, you will implement the scaled dot-product attention mechanism, where the function 'f' is a dot product between the linearly transformed query and keys using weight matrices.
                                                                                                                                             
                                                                                                                                             Overall, this assignment involves implementing a sequence-to-sequence model with attention, analyzing its behavior through visualization, and experimenting with different inputs to gain insights into the model's performance and limitations."
snowflake-arctic-embed-m ,dotproduct ,character text splitter           ,False            ,    5 ,How transformer works in this assignment? ,"The transformer is a neural network architecture designed to handle sequence-to-sequence problems, such as translation tasks. In this assignment, the transformer is used to solve the English-to-Pig Latin translation problem.
                                                                                                                                             
                                                                                                                                             The transformer takes a batch of decoder input embeddings and a batch of encoder hidden states as input. It then applies a layer of causal self-attention to the decoder inputs, followed by a layer of attention to the encoder annotations. The output of these attention layers is fed through a ReLU activation function and residual connections for improved optimization.
                                                                                                                                             
                                                                                                                                             The final output of the last transformer layer is passed through a linear layer to compute the word prediction. The transformer's architecture allows it to pay attention to different parts of the input sequence and capture contextual information, making it effective for sequence-to-sequence tasks."
snowflake-arctic-embed-m ,dotproduct ,character text splitter           ,False            ,   10 ,what should I do for this assignment?     ,"For this assignment, you are tasked with implementing and analyzing a sequence-to-sequence model for a language translation task. Here are the specific things you need to do:
                                                                                                                                             1. Implement the scaled dot-product attention mechanism:
                                                                                                                                             - Fill in the `forward` method of the `ScaledDotAttention` class to calculate the dot product between batched queries and keys, and then use the softmax function to normalize the attention weights.
                                                                                                                                             2. Implement causal scaled dot-product attention:
                                                                                                                                             - Build upon the `ScaledDotAttention` class and add the additional computation to mask out attention to future time steps in the `CausalScaledDotAttention` class.
                                                                                                                                             3. Use the attention modules in a simplified transformer decoder:
                                                                                                                                             - Utilize the `ScaledDotAttention` and `CausalScaledDotAttention` classes as building blocks for a transformer decoder. Apply self-attention to the decoder inputs and then use attention to process the encoder annotations.
                                                                                                                                             4. Implement the forward method of the transformer decoder class:
                                                                                                                                             - Implement the `forward` method of the `TransformerDecoder` class to follow the interface shown in Figure 1, which includes applying self-attention and attention to the encoder annotations, adding residual connections, and passing the output through a feedforward layer.
                                                                                                                                             5. Visualize attention and analyze success and failure modes:
                                                                                                                                             - Load the model you trained and use it to translate a given set of words. Visualize the attention weights generated for each decoder step and examine the heatmaps to understand how attention is used. Modify the `test_word_attn` function to visualize different attention models and analyze success and failure cases. Try to find interesting patterns and hypothesize about why failures occur.
                                                                                                                                             6. Submission:
                                                                                                                                             - Submit two files: your write-up in PDF format and the `nmt.py` file containing your implementations. Make sure to submit your assignment through the appropriate submission box on the course website, depending on whether you are graduating this semester or not.
                                                                                                                                             
                                                                                                                                             Remember to follow the instructions and requirements provided in the assignment prompt, and feel free to seek clarification from your instructor if needed."
snowflake-arctic-embed-m ,dotproduct ,character text splitter           ,False            ,   10 ,How transformer works in this assignment? ,"The transformer is a simplified architecture used to solve the translation problem in this assignment. It utilizes layers of attention modules, specifically the causal-scaled dot attention self-attention mechanism, to process the decoder input embeddings and encoder hidden states.
                                                                                                                                             
                                                                                                                                             Here's a step-by-step breakdown of how the transformer works:
                                                                                                                                             1. **Input**: The transformer takes as input a batch of decoder input embeddings, `x_dec`, of dimension (batch size, decoder sequence length, hidden size), and a batch of encoder hidden states, `h_enc`, of dimension (batch size, encoder sequence length, hidden size).
                                                                                                                                             2. **Causal-Scaled Dot Attention**: In each layer of the transformer, the causal-scaled dot attention is applied to the decoder inputs. This mechanism allows the model to attend to all previous time steps while masking out future time steps. It computes the dot product between the decoder queries and keys, with the addition of causal masking to ensure that predictions only depend on past inputs.
                                                                                                                                             3. **Scaled Dot-Product Attention**: Following the self-attention step, the scaled dot-product attention module is applied to the encoder annotations. This measures the similarity between the decoder hidden state and encoder hidden state, producing attention weights that indicate the relevance of each encoder hidden state for the current output token.
                                                                                                                                             4. **Residual Connections and Activation**: The outputs of the attention layers are then fed into a hidden layer with ReLU activation. Residual connections are added between the attention layers and ReLU layers, which helps in optimizing the model by summing the outputs of the two layers.
                                                                                                                                             5. **Output**: The final output of the last transformer layer is passed through a linear layer to compute the word prediction.
                                                                                                                                             
                                                                                                                                             By using multiple layers of attention and residual connections, the transformer can capture complex dependencies between the input and output sequences, making it effective for sequence-to-sequence tasks like translation."
snowflake-arctic-embed-m ,dotproduct ,recursive character text splitter ,True             ,    5 ,what should I do for this assignment?     ,"For this assignment, you will need to visualize the attention learned by a model and identify interesting success and failure modes that illustrate its behavior. You can load a pre-trained model and use it to translate a given set of words, which will display heatmaps to show how attention is used at each step. You should examine the generated attention maps and try to find failure cases, hypothesizing about the reasons for their occurrence. Additionally, you can modify the test words to visualize different attention models and be creative with your choices since the model operates at the character level. Some interesting classes of words to try include those that begin with a single consonant, multiple consonants, or unusual letter combinations. Compound words with dashes are also suggested, as they present a unique challenge due to the rules of Pig Latin translation. Made-up words or toy examples can also be used to showcase specific behaviors."
snowflake-arctic-embed-m ,dotproduct ,recursive character text splitter ,True             ,    5 ,How transformer works in this assignment? ,"In this assignment, the transformer model is utilized for a language modeling task, where it predicts the next word in a sequence given some input text. The transformer architecture is composed of multiple layers, including attention layers and hidden layers with ReLU activation. Here's how it works:
                                                                                                                                             
                                                                                                                                             **Input**: The input to the transformer is a sequence of tokens, which could be words or subword units, depending on the tokenization method used.
                                                                                                                                             
                                                                                                                                             **Embedding Layer**: The input tokens are passed through an embedding layer, which converts each token into a dense vector representation. This embedding layer helps capture the semantic meaning of the input tokens.
                                                                                                                                             
                                                                                                                                             **Encoder**: The transformer model uses an encoder-decoder architecture. The encoder is composed of multiple layers, each containing a self-attention mechanism and feed-forward neural network layers. The self-attention layers allow the model to focus on different positions of the input sequence and capture global dependencies between tokens. The output of the encoder is a set of contextualized representations for each token in the input sequence.
                                                                                                                                             
                                                                                                                                             **Decoder**: The decoder also consists of multiple layers, including self-attention layers and encoder-decoder attention layers. The self-attention layers in the decoder allow it to focus on different positions of the output sequence being generated. The encoder-decoder attention layers attend to the relevant parts of the input sequence while generating the output. The final output of the last transformer layer in the decoder is passed through a linear layer to predict the next word in the sequence.
                                                                                                                                             
                                                                                                                                             **Residual Connections and Layer Normalization**: To facilitate optimization and improve training stability, residual connections are added between the attention layers and ReLU layers. This helps in mitigating the vanishing gradient problem and allows the model to learn both shallow and deep representations effectively. Layer normalization is applied after each sub-layer to normalize the outputs and stabilize training.
                                                                                                                                             
                                                                                                                                             **Optimization and Training**: The transformer model is optimized using a loss function, such as cross-entropy loss, to minimize the difference between predicted and actual output sequences. During training, the model parameters are updated using backpropagation and gradient descent to improve its performance iteratively.
                                                                                                                                             
                                                                                                                                             **Inference**: During inference, the trained transformer model can generate text by feeding the input sequence and iteratively predicting the next word until a termination token is generated or a maximum length is reached.
                                                                                                                                             
                                                                                                                                             The transformer's ability to capture long-range dependencies and its parallelizable attention mechanism make it highly effective for various natural language processing tasks, including language modeling, machine translation, text generation, and more."
snowflake-arctic-embed-m ,dotproduct ,recursive character text splitter ,True             ,   10 ,what should I do for this assignment?     ,"For this assignment, you will need to visualize the attention learned by a trained model and analyze its behavior by finding interesting success and failure modes. You can load the model you previously trained by setting ""train_model"" to false and then use it to translate a given set of words. The model will print the translations and display heatmaps to show how attention is used at each step.
                                                                                                                                             
                                                                                                                                             You are encouraged to visualize different attention models by modifying the ""test_word_attn"" and examining the generated attention maps. Since the model operates at the character level, you have the freedom to input any sequence of characters, even if they don't form a real word. Your task is to find failure cases and hypothesize about the reasons behind them."
snowflake-arctic-embed-m ,dotproduct ,recursive character text splitter ,True             ,   10 ,How transformer works in this assignment? ,"The transformer in this assignment is a simplified version of the original transformer model, which is a neural network architecture designed for processing sequential data such as text and speech. The transformer decoder is a key component of the transformer model and is responsible for generating the output sequence.
                                                                                                                                             
                                                                                                                                             In this assignment, the transformer decoder uses two attention mechanisms: scaled dot attention and causal scaled dot attention. These attention mechanisms allow the decoder to focus on different parts of the input sequence and encoder annotations when generating the output.
                                                                                                                                             
                                                                                                                                             The decoder input embeddings and encoder hidden states are passed through layers of attention modules, with causal scaled dot attention applied to the decoder inputs and scaled dot attention applied to the encoder annotations. This allows the transformer to capture both local and global dependencies in the data, which is important for tasks such as machine translation.
                                                                                                                                             
                                                                                                                                             The output of the attention layers is then fed through a hidden layer with ReLU activation, and the final output is passed to a linear layer to generate the predicted word. Residual connections are added between the attention and ReLU layers to improve optimization and facilitate the training process.
                                                                                                                                             
                                                                                                                                             Overall, the transformer in this assignment follows a simplified architecture but still captures the key components of the original transformer model, including the use of attention mechanisms and encoder-decoder structure, to solve the translation problem."
snowflake-arctic-embed-m ,dotproduct ,recursive character text splitter ,False            ,    5 ,what should I do for this assignment?     ,"For this assignment, you are tasked with implementing an encoder-decoder model for sequence-to-sequence translation. Specifically, you will be working with character-level translation, where both the input and output are sequences of characters.
                                                                                                                                             
                                                                                                                                             Here are the key steps you should follow:
                                                                                                                                             1. Implement the encoder-decoder model: The encoder takes the input sequence and produces a set of hidden states, which can be thought of as annotations of the input. Each hidden state captures information about the corresponding input token and some contextual information.
                                                                                                                                             2. Use scaled dot-product attention: At each time step, the decoder computes an attention weight for each of the encoder's hidden states. These attention weights indicate the relevance of each annotation in determining the current output token. In this assignment, you will use scaled dot-product attention, which measures the similarity between the decoder's current hidden state and each of the encoder's hidden states.
                                                                                                                                             3. Visualize attention and analyze success/failure cases: Load the model you trained and use it to translate a given set of words. Visualize the attention maps generated by the model to understand how attention is used at each step. Experiment with different input words, including real words, made-up words, and words with specific characteristics (e.g., words starting with a single consonant, compound words, etc.). Try to find failure cases and come up with hypotheses about why they occur.
                                                                                                                                             4. Write a short write-up: Prepare a PDF write-up that includes attention maps for both success and failure cases, along with your hypotheses about why the model succeeds or fails in those cases.
                                                                                                                                             
                                                                                                                                             Remember to submit your write-up and the 'nmt.py' file as per the submission instructions. Also, note that there are separate submission boxes for students graduating this semester and those who are not, so be sure to submit your assignment to the correct box."
snowflake-arctic-embed-m ,dotproduct ,recursive character text splitter ,False            ,    5 ,How transformer works in this assignment? ,"The transformer in this assignment is a simplified version of the original transformer model, which is a popular architecture for sequence-to-sequence problems, such as translation. The transformer decoder uses scaled dot-attention and causal scaled dot-attention mechanisms to weigh the relevance of each encoder hidden state in determining the current output token. The decoder first applies causal scaled dot-attention to the decoder inputs, followed by scaled dot-attention to the encoder annotations. The output of the attention layers is then fed into a hidden layer using a ReLU activation function. Finally, the output of the last transformer layer is passed to a linear layer to compute the word prediction. Residual connections are added between the attention and ReLU layers to improve optimization."
snowflake-arctic-embed-m ,dotproduct ,recursive character text splitter ,False            ,   10 ,what should I do for this assignment?     ,"For this assignment, you are tasked with implementing and analyzing a simplified transformer decoder for a sequence-to-sequence translation task, specifically translating English words to Pig Latin. Here's a breakdown of the steps you should follow:
                                                                                                                                             
                                                                                                                                             1. Implement the scaled dot-product attention mechanism:
                                                                                                                                             - Complete the `forward` method of the `ScaledDotAttention` class to calculate the attention weights and context matrix using the query, key, and value representations.
                                                                                                                                             
                                                                                                                                             2. Implement the transformer decoder:
                                                                                                                                             - Utilize the `CausalScaledDotAttention` and `ScaledDotAttention` modules to build a simplified transformer decoder.
                                                                                                                                             - Fill in the `forward` method of the `TransformerDecoder` class to apply self-attention to the decoder inputs and attention to the encoder annotations.
                                                                                                                                             
                                                                                                                                             3. Train the model:
                                                                                                                                             - You can choose to train the model on a CPU or a CUDA-compatible GPU by setting the `cuda` argument accordingly.
                                                                                                                                             - The provided code includes data processing and model training functionality. Ensure that you understand how the data is preprocessed and how the model is trained.
                                                                                                                                             
                                                                                                                                             4. Visualize attention and analyze success/failure cases:
                                                                                                                                             - Load the trained model and use it to translate a given set of words.
                                                                                                                                             - Examine the generated attention maps and try to find interesting success and failure cases.
                                                                                                                                             - Modify the `test_word_attn` function to visualize different attention models using your own words or made-up examples.
                                                                                                                                             - Hypothesize about why failure cases occur and include these observations in your write-up.
                                                                                                                                             
                                                                                                                                             5. Prepare a write-up:
                                                                                                                                             - Include attention maps for both success and failure cases in your write-up.
                                                                                                                                             - Discuss your hypotheses about why the model succeeds or fails in certain cases.
                                                                                                                                             - Provide any additional insights or observations you have about the behavior of the model.
                                                                                                                                             
                                                                                                                                             Remember to submit your code (`nmt.py`) and the write-up in PDF format as specified in the submission instructions."
snowflake-arctic-embed-m ,dotproduct ,recursive character text splitter ,False            ,   10 ,How transformer works in this assignment? ,"In this assignment, the transformer is used as a simplified decoder to translate English sentences into Pig Latin. The transformer decoder takes a batch of decoder input embeddings, x_dec, and a batch of encoder hidden states, h_enc, as input. It applies causal self-attention to the decoder inputs and then uses scaled dot-product attention to weigh the relevance of each encoder hidden state in determining the current output token. The output of the attention layers is then passed through a ReLU activation function before being fed into the final output layer for word prediction. Residual connections are added between the attention and ReLU layers to improve optimization."
